CarData Element;Beschreibung;Technischer Bezeichner;Datentyp;Typischer Wertebereich;Einheit;Streamingfähig
Größe der Hochvoltbatterie;Der Wert gibt die Größe der verbauten Hochvoltbatterie an.;vehicle.drivetrain.batteryManagement.batterySizeMax;float;0 - 300 kWh, INVALID;kWh;
Aktivierungszeit der Diebstahlwarnanlage;Zeitstempel mit der Uhrzeit der letzten Alarmauslösung. Der Wert wird ohne Zeitzoneninformationen bereitgestellt.;vehicle.vehicle.antiTheftAlarmSystem.alarm.activationTime;string;None;;
Anzahl der CBS-Meldungen;Der Wert gibt an, wie viele Servicebedarfsmeldungen maximal vom Fahrzeug per Telematik an BMW übertragen werden. Die tatsächliche Menge übertragener Servicebedarfsmeldungen (siehe separater Key CBS) variiert, je nachdem wie das Fahrzeug genutzt wird und ob Service relevante Schwellwerte erreicht wurden. Hinweis: Nicht alle Condition Based Service-Meldungen, die im Fahrzeug auftreten, werden auch übertragen.;vehicle.status.conditionBasedServicesCount;uint16;0 bis 60 Meldungen;;
Anzahl freie Plätze POI im Navigationssystem;Der Wert gibt an, wie viele POIs (Points of Interest) im Navigationssystem noch frei sind.;vehicle.cabin.infotainment.navigation.pointsOfInterests.available;uint16;25;;
Anzeigeeinheit der Instrumentenanzeige im Fahrzeug;Der Wert gibt die Einheit (Kilometer oder Meilen) der gemessenen Distanzwerte in der Instrumentenanzeige des Fahrzeugs an.;vehicle.cabin.infotainment.displayUnit.distance;string;km, miles;;
Ausrichtung des Fahrzeugs;Der Wert gibt die Ausrichtung des Fahrzeugs zum Zeitpunkt der Datenerfassung in Grad an. Beträgt der Wert 180, zeigte das Fahrzeug genau nach Süden. Beträgt der Wert 0 zeigte das Fahrzeug genau nach Norden. Demnach reichen die Werte von 0 bis 359. Die ermittelte Ausrichtung des Fahrzeugs kann aufgrund der Ungenauigkeit der GPS Ortung von der tatsächlichen Ausrichtung abweichen.;vehicle.cabin.infotainment.navigation.currentLocation.heading;double;0 ° bis 359 °;degrees;
Batteriespannung;Der Wert gibt die zum Zeitpunkt der Datenerfassung aktuelle Batteriespannung im Bordnetz an. Der Wert wird jeweils in Volt angegeben, beispielsweise 14,4 V.;vehicle.electricalSystem.battery.voltage;float;5 V bis 20 V;V;
Bewegungszustand des Fahrzeugs;Der Wert gibt an, ob sich das Fahrzeug zum Zeitpunkt der Datenerfassung in Bewegung befand.;vehicle.isMoving;boolean;ASN_isFalse, ASN_isTrue, ASN_isUnknown;;
Datum der nächsten Inspektion;Der Wert gibt an, wann die nächste Inspektion fällig ist. Er wird jeweils als Datum dargestellt, beispielsweise 30.09.2018 23:00 UTC.;vehicle.status.serviceTime.inspectionDateLegal;string;dd.mm.yyyy hh:mm UTC;;
Datum und Uhrzeit im Fahrzeug;Der Wert gibt die Uhrzeit an, die zum Zeitpunkt der Datenerfassung im Fahrzeug angezeigt wurden.;vehicle.channel.ngtp.timeVehicle;string;00:00 Uhr bis 23:59 Uhr;;
Diebstahlwarnanlage ist eingeschaltet;Die Diebstahlwarnanlage ist aktiv (das Fahrzeug hupt).;vehicle.vehicle.antiTheftAlarmSystem.alarm.isOn;boolean;wahr, falsch;;
Direktheizung Beifahrerseite dritte Sitzreihe;DirectStart-Einstellungen der Sitzheizung auf der Beifahrerseite dritte Sitzreihe für die Vorklimatisierung.;vehicle.cabin.hvac.preconditioning.configuration.directStartSettings.seat.row3.passengerSide.heating;string;OFF, ON, AUTOMATIC, NO_CHANGE;;
Direktheizung Beifahrerseite hinten;DirectStart-Einstellungen der Sitzheizung auf der Beifahrerseite hinten für die Vorklimatisierung.;vehicle.cabin.hvac.preconditioning.configuration.directStartSettings.seat.row2.passengerSide.heating;string;OFF, ON, AUTOMATIC, NO_CHANGE;;
Direktheizung Beifahrerseite vorn;DirectStart-Einstellungen der Sitzheizung auf der Beifahrerseite vorn für die Vorklimatisierung.;vehicle.cabin.hvac.preconditioning.configuration.directStartSettings.seat.row1.passengerSide.heating;string;OFF, ON, AUTOMATIC, NO_CHANGE;;
Direktheizung Fahrerseite dritte Sitzreihe;DirectStart-Einstellungen der Sitzheizung auf der Fahrerseite dritte Sitzreihe für die Vorklimatisierung.;vehicle.cabin.hvac.preconditioning.configuration.directStartSettings.seat.row3.driverSide.heating;string;OFF, ON, AUTOMATIC, NO_CHANGE;;
Direktheizung Fahrerseite hinten;DirectStart-Einstellungen der Sitzheizung auf der Fahrerseite hinten für die Vorklimatisierung.;vehicle.cabin.hvac.preconditioning.configuration.directStartSettings.seat.row2.driverSide.heating;string;OFF, ON, AUTOMATIC, NO_CHANGE;;
Direktheizung Lenkrad;DirectStart-Einstellungen der Lenkradheizung für die Vorklimatisierung.;vehicle.cabin.hvac.preconditioning.configuration.directStartSettings.steeringWheel.heating;string;OFF, ON, AUTOMATIC, NO_CHANGE;;
Direktheizung Sitz Fahrerseite vorn;DirectStart-Einstellungen der Sitzheizung auf der Fahrerseite vorn für die Vorklimatisierung.;vehicle.cabin.hvac.preconditioning.configuration.directStartSettings.seat.row1.driverSide.heating;string;OFF, ON, AUTOMATIC, NO_CHANGE;;
Direktkühlung Beifahrerseite dritte Sitzreihe;DirectStart-Einstellungen der Sitzkühlung/-belüftung auf der Beifahrerseite dritte Sitzreihe für die Vorklimatisierung.;vehicle.cabin.hvac.preconditioning.configuration.directStartSettings.seat.row3.passengerSide.cooling;string;OFF, ON, AUTOMATIC, NO_CHANGE;;
Direktkühlung Beifahrerseite hinten;DirectStart-Einstellungen der Sitzkühlung/-belüftung auf der Beifahrerseite hinten für die Vorklimatisierung.;vehicle.cabin.hvac.preconditioning.configuration.directStartSettings.seat.row2.passengerSide.cooling;string;OFF, ON, AUTOMATIC, NO_CHANGE;;
Direktkühlung Beifahrerseite vorn;DirectStart-Einstellungen der Sitzkühlung/-belüftung auf der Beifahrerseite vorn für die Vorklimatisierung.;vehicle.cabin.hvac.preconditioning.configuration.directStartSettings.seat.row1.passengerSide.cooling;string;OFF, ON, AUTOMATIC, NO_CHANGE;;
Direktkühlung Fahrerseite dritte Sitzreihe;DirectStart-Einstellungen der Sitzkühlung/-belüftung auf der Fahrerseite dritte Sitzreihe für die Vorklimatisierung.;vehicle.cabin.hvac.preconditioning.configuration.directStartSettings.seat.row3.driverSide.cooling;string;OFF, ON, AUTOMATIC, NO_CHANGE;;
Direktkühlung Fahrerseite hinten;DirectStart-Einstellungen der Sitzkühlung/-belüftung auf der Fahrerseite hinten für die Vorklimatisierung.;vehicle.cabin.hvac.preconditioning.configuration.directStartSettings.seat.row2.driverSide.cooling;string;OFF, ON, AUTOMATIC, NO_CHANGE;;
Direktkühlung Sitz Fahrerseite vorn;DirectStart-Einstellungen der Sitzkühlung/-belüftung auf der Fahrerseite vorn für die Vorklimatisierung.;vehicle.cabin.hvac.preconditioning.configuration.directStartSettings.seat.row1.driverSide.cooling;string;OFF, ON, AUTOMATIC, NO_CHANGE;;
Distanz bis zum nächsten Service;Der Wert gibt an, wie viele Kilometer zum Zeitpunkt der Datenerfassung noch zum nächsten Service verbleiben. Hinweis: Dieser Wert wird aus den einzelnen CBS-Umfängen berechnet und nicht bei jeder Datenübertragung ermittelt. Für mehr Details siehe "Condition Based Service".;vehicle.status.serviceDistance.next;uint16;0 km bis 100.000 km;;
Distanz Schwellwert für Service Information;Der angegebene statische Wert ist im Fahrzeug hinterlegt und sagt aus, wann der Kunde das erste Mal einen Kilometer bezogenen Hinweis im Fahrzeug erhält, dass ein Service in Kürze fällig wird. Er wird in Kilometern (beispielsweise 2000) angegeben.;vehicle.status.serviceDistance.yellow;uint16;2000 km;;
Distanz zum Navigationsziel;Der Wert gibt die zum Zeitpunkt der Datenerfassung gemessene Distanz zum aktiven Navigationsziel in Kilometern an. Das Wertespektrum reicht von 0 bis 100000.;vehicle.cabin.infotainment.navigation.destinationSet.distance;uint16;0 km bis 100.000 km;;
Entfrosten hinten aktiv;Aktueller Status der Heckscheibenheizung.;vehicle.cabin.hvac.preconditioning.status.rearDefrostActive;boolean;wahr, falsch;;
Entriegelung der Heckscheibe;Der Wert gibt an, ob die Heckscheibe entriegelt (TRUE) oder geschlossen (FALSE) ist.;vehicle.body.trunk.window.isOpen;boolean;CLOSED, OPEN, INVALID;;
Erlaubnis zur Nutzung des Motors zur Vorkonditionierung.;Dieser Wert zeigt an, ob eine Motorennutzung zur Vorkonditionierung der Standklimatisierung zum Zeitpunkt der Datenerfassung genutzt werden darf. Dies wird vom Kunden festgelegt.;vehicle.vehicle.preConditioning.isRemoteEngineStartAllowed;boolean;true, false, INVALID;;
Fehlerspeicher;Der Fehlerspeicher gibt Auskunft über potenzielle Störungen oder technische Defekte im Fahrzeug. Diese Informationen sind für Werkstätten gedacht. Kundenrelevante Störungen, die dem Fahrer im Fahrzeug angezeigt werden, sind unter dem CarData Element „Check Control Meldungen“ zu finden. Details hierzu sind in der Betriebsanleitung des Fahrzeugs dokumentiert.;vehicle.electronicControlUnit.diagnosticTroubleCodes.raw;;-;;
Fortschritt der Vorklimatisierung;Fortschritt der aktuell aktiven Vorklimatisierung in Prozent.;vehicle.cabin.hvac.preconditioning.status.progress;uint8;0% bis 100%;percent;
Gesamtstatus Schiebedach;Gesamtstatus des Schiebedachs des Fahrzeugs.;vehicle.cabin.sunroof.overallStatus;string;INVALID, OPEN, OPEN_TILT, INTERMEDIATE_TILT, CLOSED;;
Grund für Nichtausführung der Vorkonditionierung der Standklimatisierung;Der Wert gibt den Grund für Nichtausführung der Standklimatisierung zum Zeitpunkt der Datenerfassung an.;vehicle.vehicle.preConditioning.error;string;LowFuel LowBattery QuotaExceeded HeaterFailure ComponentFailure OpenOrUnlocked OK INVALID;;
Kilometerstand;Der Wert gibt den zum Zeitpunkt der Datenerfassung aktuellen Kilometerstand an.;vehicle.vehicle.travelledDistance;float;0 km bis 500000 km;null;
Kippstatus des Schiebedachs;Der Wert gibt an, ob das Schiebedach (sofern vorhanden) zum Zeitpunkt der Datenerfassung gekippt (OPEN), halb gekippt (INTERMEDIATE) oder geschlossen (CLOSED) war.;vehicle.cabin.sunroof.tiltStatus;string;CLOSED, INTERMEDIATE, OPEN, INVALID;;
Komfortzustand der Vorklimatisierung;Status des Komfortzustands der Vorklimatisierung.;vehicle.cabin.hvac.preconditioning.status.comfortState;string;NOT_ACTIVE, COMFORT_HEATING, COMFORT_COOLING, COMFORT_VENTILATION, DEFROST, COMFORT_UNDEFINED;;
Kopplung Mobiltelefon;Der Wert gibt an, ob zum Zeitpunkt der Datenerfassung ein Mobiltelefon mit dem Fahrzeug gekoppelt war oder der Kopplungsstatus unbekannt ist.;vehicle.cabin.infotainment.isMobilePhoneConnected;boolean;ASN_isFalse, ASN_isTrue, ASN_isUnknown;;
Kühlmitteltemperatur;Der Wert gibt die zum Zeitpunkt der Datenerfassung aktuelle Kühlmitteltemperatur in Grad Celsius an.;vehicle.drivetrain.internalCombustionEngine.engine.ect;int16;0 °C bis 150 °C;Celsius;
Ladeprofil;Das Ladeprofil informiert darüber, welcher Lademodus im Fahrzeug zuletzt ausgewählt war. Gegebenenfalls wird dieses CarData-Element auch für Fahrzeuge ohne elektrischen Antrieb verwendet, um einzelne Attribute, wie z.B. die Einstellung der Vorklimatisierung, anzuzeigen.;vehicle.drivetrain.electricEngine.charging.profile.mode;string;kWh;;
Lenkradheizung;Istwert der Lenkradheizung in Prozent.;vehicle.cabin.steeringWheel.heating;uint8;0% bis 100%;percent;
Linke Kofferraumtür geöffnet;Zustand der linken Kofferraumtür.;vehicle.body.trunk.left.door.isOpen;boolean;wahr, falsch;;
Maximale Anzahl Speicherung POIs im Navigationsgerät;Der Wert gibt an, wie viele POIs (Points of Interest) maximal im Navigationsgerät gespeichert werden können.;vehicle.cabin.infotainment.navigation.pointsOfInterests.max;uint16;25;;
Niedervoltbatterie;Der Wert gibt den zum Zeitpunkt der Datenerfassung gemessenen Ladezustand der Niedervoltbatterie in Prozent an.;vehicle.electricalSystem.battery.stateOfCharge;;-;%;
Nutzung des Motors zur Vorkonditionierung;Dieser Wert gibt an, ob zum Zeitpunkt der Datenerfassung der Motor während der Standklimatisierung aktiv war. Der Wert "Inactive" kann übermittelt werden, wenn die Vorkonditionierung nicht gebucht ist oder auch übermittelt werden, wenn die Vorkonditionierung zum Zeitpunkt der Datenerfassung nicht aktiv ist.;vehicle.vehicle.preConditioning.isRemoteEngineRunning;boolean;true, false;;
Obere Kofferraumtür geöffnet;Zustand der oberen Kofferraumtür.;vehicle.body.trunk.upper.door.isOpen;boolean;wahr, falsch;;
Position des Fahrzeugs – geographische Breite;Der Wert gibt die geographische Breite der Position an, auf der sich das Fahrzeug zum Zeitpunkt der Datenerfassung befunden hat. Die Breite erreicht Werte in Grad von 0 (am Äquator) bis maximal +90 auf der nördlichen respektive -90 auf der südlichen Halbkugel. Die Übertragung der GPS Position erfolgt unabhängig von der Aktivierung oder Deaktivierung der GPS Ortung in ihrem Fahrzeug über das Einstellungsmenü.;vehicle.cabin.infotainment.navigation.currentLocation.latitude;double;-90.0000 bis +90.0000;degrees;
Position des Fahrzeugs – geographische Länge;Der Wert gibt die geographische Länge der Position an, auf der sich das Fahrzeug zum Zeitpunkt der Datenerfassung befunden hat. Die Länge erreicht Werte in Grad von 0 (am Nullmeridian in Greenwich/Großbritannien) bis maximal +180 östlich respektive -180 westlich des Nullmeridians. Die Übertragung der GPS Position erfolgt unabhängig von der Aktivierung oder Deaktivierung der GPS Ortung in ihrem Fahrzeug über das Einstellungsmenü.;vehicle.cabin.infotainment.navigation.currentLocation.longitude;double;-180.0000 bis +180.0000;degrees;
Position des Fahrzeugs über Normalhöhennull;Der Wert gibt die Höhe in Metern über dem Meeresspiegel an, auf der sich das Fahrzeug zum Zeitpunkt der Datenerfassung befunden hat. Das Wertespektrum reicht von -100 bis 6000.;vehicle.cabin.infotainment.navigation.currentLocation.altitude;double;-100 m bis 6000 m oder -NA-;;
Position des Sonnenschirms;Position des Elements. 0 = Startposition, 100 = Endposition.;vehicle.cabin.sunroof.shade.position;uint8;0% bis 100%;percent;
Rechte Kofferraumtür geöffnet;Zustand der rechten Kofferraumtür.;vehicle.body.trunk.right.door.isOpen;boolean;wahr, falsch;;
Relative Position des Schiebedachs;Öffnungszustand des Schiebedachs in Prozent. -100 bedeutet vollständig gekippte Position. 0% entspricht vollständig geschlossen, 100% entspricht vollständig geöffnet.;vehicle.cabin.sunroof.relativePosition;int8;-100% bis 100%;percent;
Restreichweite;Der Wert gibt die zum Zeitpunkt der Datenerfassung gemessene Restreichweite des Tankinhalts in Kilometer an.;vehicle.cabin.infotainment.navigation.remainingRange;uint16;0 km bis 100.000 km;;
Restzeit der Vorklimatisierung;Verbleibende Laufzeit der Vorklimatisierung in Sekunden.;vehicle.cabin.hvac.preconditioning.status.remainingRunningTime;uint32;0 - 10000000;s;
Schärfungsstatus der Diebstahlwarnanlage;Diebstahlwarnanlage. Schärfungsstatus.;vehicle.vehicle.antiTheftAlarmSystem.alarm.armStatus;string;unarmed, doorsOnly, doorsTiltCabin;;
Sitzheizung Beifahrerseite dritte Sitzreihe;Sitzheizung auf der Beifahrerseite in der dritten Sitzreihe. 0 = aus. +100 = max. Heizung.;vehicle.cabin.seat.row3.passengerSide.heating;uint8;0% bis 100%;percent;
Sitzheizung Beifahrerseite hinten;Sitzheizung auf der Beifahrerseite hinten. 0 = aus. +100 = max. Heizung.;vehicle.cabin.seat.row2.passengerSide.heating;uint8;0% bis 100%;percent;
Sitzheizung Beifahrerseite vorn;Sitzheizung auf der Beifahrerseite vorn. 0 = aus. +100 = max. Heizung.;vehicle.cabin.seat.row1.passengerSide.heating;uint8;0% bis 100%;percent;
Sitzheizung Fahrerseite dritte Sitzreihe;Sitzheizung auf der Fahrerseite in der dritten Sitzreihe. 0 = aus. +100 = max. Heizung.;vehicle.cabin.seat.row3.driverSide.heating;uint8;0% bis 100%;percent;
Sitzheizung Fahrerseite hinten;Sitzheizung auf der Fahrerseite hinten. 0 = aus. +100 = max. Heizung.;vehicle.cabin.seat.row2.driverSide.heating;uint8;0% bis 100%;percent;
Sitzheizung Fahrerseite vorn;Sitzheizung auf der Fahrerseite vorn. 0 = aus. +100 = max. Heizung.;vehicle.cabin.seat.row1.driverSide.heating;uint8;0% bis 100%;percent;
Sitzkühlung Beifahrerseite dritte Sitzreihe;Sitzkühlung auf der Beifahrerseite in der dritten Sitzreihe. 0 = aus. +100 = max. Kühlung.;vehicle.cabin.seat.row3.passengerSide.cooling;uint8;0% bis 100%;percent;
Sitzkühlung Beifahrerseite hinten;Sitzkühlung auf der Beifahrerseite hinten. 0 = aus. +100 = max. Kühlung.;vehicle.cabin.seat.row2.passengerSide.cooling;uint8;0% bis 100%;percent;
Sitzkühlung Beifahrerseite vorn;Sitzkühlung auf der Beifahrerseite vorn. 0 = aus. +100 = max. Kühlung.;vehicle.cabin.seat.row1.passengerSide.cooling;uint8;0% bis 100%;percent;
Sitzkühlung Fahrerseite dritte Sitzreihe;Sitzkühlung auf der Fahrerseite in der dritten Sitzreihe. 0 = aus. +100 = max. Kühlung.;vehicle.cabin.seat.row3.driverSide.cooling;uint8;0% bis 100%;percent;
Sitzkühlung Fahrerseite hinten;Sitzkühlung auf der Fahrerseite hinten. 0 = aus. +100 = max. Kühlung.;vehicle.cabin.seat.row2.driverSide.cooling;uint8;0% bis 100%;percent;
Sitzkühlung Fahrerseite vorn;Sitzkühlung auf der Fahrerseite vorn. 0 = aus. +100 = max. Kühlung.;vehicle.cabin.seat.row1.driverSide.cooling;uint8;0% bis 100%;percent;
Solltemp. für DirectStart;DirectStart-Einstellungen der Solltemperatur für die Vorklimatisierung.;vehicle.cabin.hvac.preconditioning.configuration.directStartSettings.targetTemperature;float;0°C bis 50°C;celsius;
Solltemperatur;Standardeinstellungen der Solltemperatur für die Vorklimatisierung.;vehicle.cabin.hvac.preconditioning.configuration.defaultSettings.targetTemperature;float;0°C bis 50°C;celsius;
Spiegelheizung aktiv;Aktueller Status der Spiegelheizung.;vehicle.cabin.hvac.preconditioning.status.isExteriorMirrorHeatingActive;boolean;wahr, falsch;;
Standard für Lenkradheizung;Standardeinstellungen der Lenkradheizung für die Vorklimatisierung.;vehicle.cabin.hvac.preconditioning.configuration.defaultSettings.steeringWheel.heating;string;OFF, ON, AUTOMATIC, NO_CHANGE;;
Standard für Sitzheizung Beifahrerseite dritte Sitzreihe;Standardeinstellungen der Sitzheizung auf der Beifahrerseite dritte Sitzreihe für die Vorklimatisierung.;vehicle.cabin.hvac.preconditioning.configuration.defaultSettings.seat.row3.passengerSide.heating;string;OFF, ON, AUTOMATIC, NO_CHANGE;;
Standard für Sitzheizung Beifahrerseite hinten;Standardeinstellungen der Sitzheizung auf der Beifahrerseite hinten für die Vorklimatisierung.;vehicle.cabin.hvac.preconditioning.configuration.defaultSettings.seat.row2.passengerSide.heating;string;OFF, ON, AUTOMATIC, NO_CHANGE;;
Standard für Sitzheizung Beifahrerseite vorn;Standardeinstellungen der Sitzheizung auf der Beifahrerseite vorn für die Vorklimatisierung.;vehicle.cabin.hvac.preconditioning.configuration.defaultSettings.seat.row1.passengerSide.heating;string;OFF, ON, AUTOMATIC, NO_CHANGE;;
Standard für Sitzheizung Fahrerseite dritte Sitzreihe;Standardeinstellungen der Sitzheizung auf der Fahrerseite dritte Sitzreihe für die Vorklimatisierung.;vehicle.cabin.hvac.preconditioning.configuration.defaultSettings.seat.row3.driverSide.heating;string;OFF, ON, AUTOMATIC, NO_CHANGE;;
Standard für Sitzheizung Fahrerseite hinten;Standardeinstellungen der Sitzheizung auf der Fahrerseite hinten für die Vorklimatisierung.;vehicle.cabin.hvac.preconditioning.configuration.defaultSettings.seat.row2.driverSide.heating;string;OFF, ON, AUTOMATIC, NO_CHANGE;;
Standard für Sitzheizung Fahrerseite vorn;Standardeinstellungen der Sitzheizung auf der Fahrerseite vorn für die Vorklimatisierung.;vehicle.cabin.hvac.preconditioning.configuration.defaultSettings.seat.row1.driverSide.heating;string;OFF, ON, AUTOMATIC, NO_CHANGE;;
Standard für Sitzkühlung Beifahrerseite dritte Sitzreihe;Standardeinstellungen der Sitzkühlung/-belüftung auf der Beifahrerseite dritte Sitzreihe für die Vorklimatisierung.;vehicle.cabin.hvac.preconditioning.configuration.defaultSettings.seat.row3.passengerSide.cooling;string;OFF, ON, AUTOMATIC, NO_CHANGE;;
Standard für Sitzkühlung Beifahrerseite hinten;Standardeinstellungen der Sitzkühlung/-belüftung auf der Beifahrerseite hinten für die Vorklimatisierung.;vehicle.cabin.hvac.preconditioning.configuration.defaultSettings.seat.row2.passengerSide.cooling;string;OFF, ON, AUTOMATIC, NO_CHANGE;;
Standard für Sitzkühlung Beifahrerseite vorn;Standardeinstellungen der Sitzkühlung/-belüftung auf der Beifahrerseite vorn für die Vorklimatisierung.;vehicle.cabin.hvac.preconditioning.configuration.defaultSettings.seat.row1.passengerSide.cooling;string;OFF, ON, AUTOMATIC, NO_CHANGE;;
Standard für Sitzkühlung Fahrerseite dritte Sitzreihe;Standardeinstellungen der Sitzkühlung/-belüftung auf der Fahrerseite dritte Sitzreihe für die Vorklimatisierung.;vehicle.cabin.hvac.preconditioning.configuration.defaultSettings.seat.row3.driverSide.cooling;string;OFF, ON, AUTOMATIC, NO_CHANGE;;
Standard für Sitzkühlung Fahrerseite hinten;Standardeinstellungen der Sitzkühlung/-belüftung auf der Fahrerseite hinten für die Vorklimatisierung.;vehicle.cabin.hvac.preconditioning.configuration.defaultSettings.seat.row2.driverSide.cooling;string;OFF, ON, AUTOMATIC, NO_CHANGE;;
Standard für Sitzkühlung Fahrerseite vorn;Standardeinstellungen der Sitzkühlung/-belüftung auf der Fahrerseite vorn für die Vorklimatisierung.;vehicle.cabin.hvac.preconditioning.configuration.defaultSettings.seat.row1.driverSide.cooling;string;OFF, ON, AUTOMATIC, NO_CHANGE;;
Status der geöffneten Kofferraumtür;Zustand der Kofferraumtür.;vehicle.body.trunk.door.isOpen;boolean;wahr, falsch;;
Status der HVAC-Luftreinigung;Aktueller Status der Luftreinigung.;vehicle.cabin.hvac.statusAirPurification;string;UNFILTERED, PURIFYING_ONGOING, PURIFIED, INVALID;;
Status der Motorhaube;Der Wert gibt an, ob die Motorhaube zum Zeitpunkt der Datenerfassung geschlossen (CLOSED) oder geöffnet (OPEN) war.;vehicle.body.hood.isOpen;boolean;CLOSED, OPEN, INVALID;;
Status der Tür hinten links;Der Wert gibt an, ob die Tür hinten links zum Zeitpunkt der Datenerfassung geschlossen (CLOSED) oder geöffnet (OPEN) war.;vehicle.cabin.door.row2.driver.isOpen;boolean;OPEN, CLOSED, INVALID, UNKNOWN;;
Status der Tür hinten rechts;Der Wert gibt an, ob die Tür hinten rechts zum Zeitpunkt der Datenerfassung geschlossen (CLOSED) oder geöffnet (OPEN) war.;vehicle.cabin.door.row2.passenger.isOpen;boolean;OPEN, CLOSED, INVALID, UNKNOWN;;
Status der Tür vorn links;Der Wert gibt an, ob die linke Tür zum Zeitpunkt der Datenerfassung geschlossen (CLOSED) oder geöffnet (OPEN) war.;vehicle.cabin.door.row1.driver.isOpen;boolean;OPEN, CLOSED, INVALID, UNKNOWN;;
Status der Tür vorn rechts;Der Wert gibt an, ob die rechte Tür zum Zeitpunkt der Datenerfassung geschlossen (CLOSED) oder geöffnet (OPEN) war.;vehicle.cabin.door.row1.passenger.isOpen;boolean;OPEN, CLOSED, INVALID, UNKNOWN;;
Status der Verriegelung des Kofferraums;Gibt an, ob der Kofferraum verriegelt ist oder nicht.;vehicle.body.trunk.isLocked;boolean;wahr, falsch;;
Status des Cabriodachs;Zustand des einziehbaren Cabriodachs. Bei BMW Mini-Fahrzeugen besteht zusätzlich die Möglichkeit, nur das Faltdach zu öffnen. Dieses Signal stellt den Zustand des Mini-Faltdachs dar. Es sollte zusammen mit dem Status des Cabriodachs ausgelesen werden, siehe Vehicle.Cabin.Convertible.RoofStatus.;vehicle.cabin.convertible.roofRetractableStatus;string;None;;
Status des Cabriodachs;Gibt den zum Zeitpunkt der Datenerfassung aktuellen Status des Cabriodachs an, also ob es beispielsweise geschlossen (CLOSED), geöffnet (OPEN) oder – im Notfall – verriegelt ist (EMERGENCYLOCKED). Folgende weitere Statuswerte sind möglich: CLOSEDSECURED = Cabriodach geschlossen, Fahrzeug gesichert OPENSECURED = Cabriodach offen, Fahrzeug gesichert HARDTOPMOUNTED = Hardtop montiert und geschlossen (abnehmbares Hardtop) INTERMEDIATEPOSITION = Cabrioverdeck in Zwischenstellung LOADINGPOSITION = Verdeck befindet sich in einer Position, die das Beladen des Kofferraums erleichtert LOADINGPOSITIONIMMEDIATE = Verdeck befindet sich in einer Position, die das Beladen des Kofferraums erleichtert;vehicle.cabin.convertible.roofStatus;string;CLOSEDSECURED, OPENSECURED;;
Status des Fensters hinten links;Der Wert gibt an, ob das Fenster hinten links zum Zeitpunkt der Datenerfassung geöffnet (OPEN), halb geöffnet (INTERMEDIATE) oder geschlossen (CLOSED) war.;vehicle.cabin.window.row2.driver.status;string;CLOSED, INTERMEDIATE, OPEN, INVALID;;
Status des Fensters hinten rechts;Der Wert gibt an, ob das Fenster hinten rechts zum Zeitpunkt der Datenerfassung geöffnet (OPEN), halb geöffnet (INTERMEDIATE) oder geschlossen (CLOSED) war.;vehicle.cabin.window.row2.passenger.status;string;CLOSED, INTERMEDIATE, OPEN, INVALID;;
Status des Fensters vorn links;Der Wert gibt an, ob das Fenster der linken Tür zum Zeitpunkt der Datenerfassung geöffnet (OPEN), halb geöffnet (INTERMEDIATE) oder geschlossen (CLOSED) war.;vehicle.cabin.window.row1.driver.status;string;CLOSED, INTERMEDIATE, OPEN, INVALID;;
Status des Fensters vorn rechts;Der Wert gibt an, ob das Fenster der rechten Tür zum Zeitpunkt der Datenerfassung geöffnet (OPEN), halb geöffnet (INTERMEDIATE) oder geschlossen (CLOSED) war.;vehicle.cabin.window.row1.passenger.status;string;CLOSED, INTERMEDIATE, OPEN, INVALID;;
Status des Kofferraum Deckel;Der Wert gibt an, ob der Kofferraum Deckel zum Zeitpunkt der Datenerfassung geöffnet (OPEN), halb geöffnet (INTERMEDIATE) oder geschlossen (CLOSED) war.;vehicle.body.trunk.isOpen;boolean;CLOSED, OPEN, INVALID;;
Status des Schiebedachs;Der Wert gibt an, ob das Schiebedach (sofern vorhanden) zum Zeitpunkt der Datenerfassung geöffnet (OPEN), halb geöffnet (INTERMEDIATE) oder geschlossen (CLOSED) war.;vehicle.cabin.sunroof.status;string;CLOSED, INTERMEDIATE, OPEN, INVALID;;
Stellung der Beifahrertür hinten;Öffnungsstellung der Tür hinten auf der Beifahrerseite in Prozent. 0% entspricht vollständig geschlossen, 100% entspricht vollständig geöffnet.;vehicle.cabin.door.row2.passenger.position;uint8;0% bis 100%;percent;
Stellung der Beifahrertür vorn;Öffnungsstellung der Tür vorn auf der Beifahrerseite in Prozent. 0% entspricht vollständig geschlossen, 100% entspricht vollständig geöffnet.;vehicle.cabin.door.row1.passenger.position;uint8;0% bis 100%;percent;
Stellung der Fahrertür hinten;Öffnungsstellung der Tür hinten auf der Fahrerseite in Prozent. 0% entspricht vollständig geschlossen, 100% entspricht vollständig geöffnet.;vehicle.cabin.door.row2.driver.position;uint8;0% bis 100%;percent;
Stellung der Fahrertür vorn;Öffnungsstellung der Tür vorn auf der Fahrerseite in Prozent. 0% entspricht vollständig geschlossen, 100% entspricht vollständig geöffnet.;vehicle.cabin.door.row1.driver.position;uint8;0% bis 100%;percent;
Tankfüllstand in %;Der Wert gibt den Tankinhalt in Prozent zum Zeitpunkt der Datenerfassung an.;vehicle.drivetrain.fuelSystem.level;uint8;0-100 %, INVALID;%;
Tankinhalt;Der Wert gibt den zum Zeitpunkt der Datenerfassung aktuellen Tankinhalt in Liter an. Abhängig von der Position des Tankschwimmers können Abweichungen von bis zu 6 Liter zum angegebenen Wert auftreten.;vehicle.drivetrain.fuelSystem.remainingFuel;float;0 l bis 100 l;;
Tiefschlafmodus (Deep Sleep Mode);Der Wert enthält die Information, ob zum Zeitpunkt der Abfrage der Tiefschlafmodus (Deep Sleep Mode) aktiviert ("true") oder deaktiviert ("false") ist. Wenn der Kunde den Tiefschlafmodus (Deep Sleep Mode) aktiviert hat, kann er sein Fahrzeug längere Zeit parken, ohne die Batterie laden zu müssen. Die meisten Verbraucher sind in diesem Modus deaktiviert, um Energie zu sparen. Der Kunde kann den Tiefschlafmodus (Deep Sleep Mode) beenden, indem er ihn deaktiviert oder das Fahrzeug startet.;vehicle.vehicle.deepSleepModeActive;boolean;true, false;;
Untere Kofferraumtür geöffnet;Zustand der unteren Kofferraumtür.;vehicle.body.trunk.lower.door.isOpen;boolean;wahr, falsch;;
Verbleibende Dauer der Vorkonditionierung;Der Wert gibt die verbleibende Dauer der Vorkonditionierung der Standklimatisierung zum Zeitpunkt der Datenerfassung in Minuten an. Der Wert kann auch übermittelt werden, wenn die Vorkonditionierung nicht gebucht ist oder auch übermittelt werden, wenn der Vorkonditionierungsstatus der Standklimatisierung zum Zeitpunkt der Datenerfassung nicht aktiv ("Inactive") ist.;vehicle.vehicle.preConditioning.remainingTime;uint8;0-60 min, INVALID;min;
Verfügbarkeit von Teleservices;Der Wert gibt an, ob Teleservices für dieses Fahrzeug verfügbar sind.;vehicle.channel.teleservice.status;string;PENDING, IDLE, SUCCESSFUL, ERROR;;
Vorkonditionierungsstatus der Standklimatisierung;Aktueller Status der Vorkonditionierung der Standklimatisierung vor Fahrtantritt zum Zeitpunkt der Datenerfassung. Der Wert "Inactive" kann übermittelt werden, wenn die Vorkonditionierung nicht gebucht ist oder auch übermittelt werden, wenn die Vorkonditionierung zum Zeitpunkt der Datenerfassung nicht aktiv ist.;vehicle.vehicle.preConditioning.activity;string;standby heating cooling ventilation inactive;;
Zeit bis zum Navigationsziel;Der Wert gibt die Ankunftszeit bis zum Erreichen des Navigationsziels an und wird in Stunden und Minuten angegeben.;vehicle.cabin.infotainment.navigation.destinationSet.arrivalTime;string;hh:mm;;
Zeitlicher Schwellwert für Haupt- und Abgasuntersuchung;Der Schwellwert gibt an, wie viele Monate vor der Fälligkeit des Haupt- und Abgasuntersuchungstermins ein Hinweis an den Serviceberater ausgegeben wird.;vehicle.status.serviceTime.hUandAuServiceYellow;uint16;0 bis 10 Monate;months;
Zeitlicher Schwellwert für Service Information;Der angegebene statische Wert ist im Fahrzeug hinterlegt und sagt aus, wann der Kunde das erste Mal einen zeitbasierten Hinweis im Fahrzeug erhält, dass ein Service in Kürze fällig wird. Er wird in Wochen (beispielsweise 4) angegeben.;vehicle.status.serviceTime.yellow;uint16;4 weeks;weeks;
Zeitzoneneinstellung im Fahrzeug;Der Wert gibt die aktuelle Einstellung zur Anzeige der Uhrzeit zum Zeitpunkt der Datenerfassung im Fahrzeug an. Dies kann zum Beispiel Winterzeit, Sommerzeit, UTC oder manual sein.;vehicle.vehicle.timeSetting;string;wintertime summertime utc manual INVALID;;
Zustand der Lichter;Der Wert gibt an, ob das Fahrzeuglicht zum Zeitpunkt der Datenerfassung aus oder an oder ob der Status unbekannt ist.;vehicle.body.lights.isRunningOn;boolean;ASN_isFalse, ASN_isTrue, ASN_isUnknown;;
Zustand der Türen;Dieser Wert gibt den Status der Türen an, wird jedoch nur sporadisch geschrieben und übermittelt. Hinweis: Es empfiehlt sich, statt diesem Wert nur den einzelnen Türstatus zu verwenden.;vehicle.cabin.door.status;string;oldDoorStatus: ASN_secured ASN_unlocked ASN_unknown ASN_selective-Locked newDoorStatus: ASN_locked ASN_unlocked ASN_selective-Locked ASN_unknown allDoorsLocked: ASN_isUnknown ASN_isTrue ASN_isFalse trunkLocked: ASN_isUnknown ASN_isTrue ASN_isFalse;;
Zustand der Zündung;Der Wert gibt an, ob die Zündung zum Zeitpunkt der Datenerfassung aus oder an war oder ob der Status unbekannt ist.;vehicle.drivetrain.engine.isActive;boolean;ASN_isFalse, ASN_isTrue, ASN_isUnknown;;
Zustand des Motors (an/aus);Der Wert gibt an, ob der Motor zum Zeitpunkt der Datenerfassung aus oder an war oder ob der Status unbekannt ist.;vehicle.drivetrain.engine.isIgnitionOn;boolean;ASN_isFalse, ASN_isTrue, ASN_isUnknown;;
Durchschnittliche Strecke pro Woche;Gibt den Durchschnittswert der gefahrenen Strecke in Kilometer pro Woche an.;vehicle.vehicle.averageWeeklyDistanceShortTerm;float;1 km bis 3000 km;;
Durchschnittliche Strecke pro Woche (Langzeit);Der Wert gibt den Wochendurchschnitt der jeweils in einem Zeitraum von 2 Monaten gefahrenen Strecke in Kilometern an.;vehicle.vehicle.averageWeeklyDistanceLongTerm;float;1 km bis 3000 km;;
Geschwindigkeitsbereich oben;Obere Grenze des Geschwindigkeitsbereichs in km/h. Der Bereich schließt die obere Grenze aus. Aus Datenschutzgründen dürfen einige Funktionen die aktuelle Fahrgeschwindigkeit nicht übertragen und sollten das SpeedRange-Attribut verwenden.;vehicle.vehicle.speedRange.upperBound;int16;-100 km/h - 500 km/h;km/h;
Geschwindigkeitsbereich unten;Untere Grenze des Geschwindigkeitsbereichs in km/h. Der Bereich umfasst die untere Grenze. Aus Datenschutzgründen dürfen einige Funktionen die aktuelle Fahrgeschwindigkeit nicht übertragen und sollten das SpeedRange-Attribut verwenden.;vehicle.vehicle.speedRange.lowerBound;int16;-100 km/h - 500 km/h;km/h;
Zuletzt gesendete Restreichweite;Zuletzt vom Fahrzeug gesendete Restreichweite Electric + Kraftstoff. Reichweite von Fahrzeug Kombi (für PHEV- und CE-Fahrzeuge abgefragt). Liefert die E-Reichweite + CE-Reichweite für PHEV. CE-Reichweite für CE-Fahrzeuge. Wahrscheinlich 0 für BEV-Fahrzeuge. Dieser Wert sollte nur für Fahrzeuge mit Verbrennungsmotor verwendet werden. Bei Elektrofahrzeugen sollte Vehicle.Drivetrain.ElectricEngine.KombiRemainingElectricRange angezeigt werden.;vehicle.drivetrain.lastRemainingRange;float;0-6500;km;
Automatischer Teleservice Call;Der Wert enthält die Information, zu welchem Zeitpunkt ein Automatischer Service Call (ASC) vom Fahrzeug ausgelöst wurde.;vehicle.channel.teleservice.lastAutomaticServiceCallTime;string;dd.mm.yyyy hh:mm UTC;;
Teleservice Report;Der Wert enthält die Information, zu welchem Zeitpunkt der Teleservice Report Call im Fahrzeug ausgelöst wurde. Das Fahrzeug sammelt für den Teleservice Report Call Messwerte oder Fehlerdaten und sendet diese nach festgelegten Zyklen automatisch.;vehicle.channel.teleservice.lastTeleserviceReportTime;string;dd.mm.yyyy hh:mm:ss UTC;;
"Smart Charging" Ladeoption;Der Wert gibt an, mit welcher "Smart Charging" Ladeoption geladen wird.;vehicle.powertrain.electric.battery.charging.preferenceSmartCharging;string;PRICE_OPTIMIZED, RENEWABLE_ENERGEY, CO2_OPTIMIZED, INVALID;;
Abfahrtszeit relevant;Informationen darüber, ob die bevorstehende Abfahrtszeit für den professionellen Modus (bidirektional/unidirektional) relevant ist und der Sollenergiezustand zu diesem Zeitpunkt erreicht werden muss.;vehicle.drivetrain.electricEngine.charging.profile.settings.biDirectionalCharging.departureTimeRelevant;boolean;wahr, falsch;;
Abweichung von Ladebetriebsart;Dieser Parameter enthält Informationen über systembedingte Abweichungen von der vom Kunden ausgewählten Ladebetriebsart.;vehicle.drivetrain.electricEngine.charging.modeDeviation;string;NO_DEVIATION, DC_DYNAMIC_MALIBU, DC_DYNAMIC_MIN_SOE_PROTECTION, IMMEDIATE_CHARGING_NOT_SUPPORTED_BY_EVSE, IMMEDIATE_CHARGING_WAKE_UP_LIMIT_REACHED, IMMEDIATE_CHARGING, CHARGING_TIMESLOT, CHARGING_IN_TIMESLOT, SMART_CHARGING, DC_DYNAMIC, BIDIRECTIONAL_CHARGING, NO_ACTION, UNKNOWN;;
AC-Ladespannung;Der Wert gibt die Ladespannung des letzten Ladevorgangs in Volt an (nur bei Laden mit Wechselstrom). In der Regel pendelt sich der Wert bei 230 V ein. Es können jedoch Ladespannungen von 0 bis 300 auftreten.;vehicle.drivetrain.electricEngine.charging.acVoltage;float;0 V bis 300 V oder -NA-;V;
AC-Ladestrom;Der Wert gibt den maximalen Ladestrom des letzten Ladevorgangs in Ampere (A) an (nur bei Laden mit Wechselstrom). Möglich sind Werte zwischen 0 und 25. Sowohl Fahrzeug als auch Ladesäule könnten individuell mit einem bestimmten maximalen Ladestrom laden. Der hier angezeigte Wert ist der größere dieser beiden Zahlen.;vehicle.drivetrain.electricEngine.charging.acAmpere;uint8;0 A bis 25 A oder -NA-;A;
AC-Ladestrombegrenzung und -auswahl;Der erste Wert gibt an, ob der Ladestrom, mit dem das Fahrzeug geladen wird, begrenzt wird.Der zweite Wert beschreibt die Art der Begrenzung (reduziert oder minimal);vehicle.drivetrain.electricEngine.charging.acRestriction.isChosen;boolean;NOTCHOSEN, CHOSEN, INVALID; MAXCHARGING, REDUCEDCHARGING, MINCHARGING, INVALID;;
Aktivierungsdauer ECO Modus der letzten Fahrt;Gibt an, wie lange der ECO Modus während der zum Zeitpunkt der Datenerfassung letzten Fahrt aktiviert war. Der Wertebereich geht von 0 bis 100.;vehicle.trip.segment.accumulated.drivetrain.transmission.setting.fractionDriveEcoPro;float;0 % bis 100 %;percent;
Aktivierungsdauer ECO PLUS Modus der letzten Fahrt;Der Wert gibt an, wie lange der ECO PLUS Modus während der zum Zeitpunkt der Datenerfassung letzten Fahrt aktiviert war. Der Wertebereich geht von 0 bis 100.;vehicle.trip.segment.accumulated.drivetrain.transmission.setting.fractionDriveEcoProPlus;float;0 % bis 100 %;percent;
Akustische Begrenzung des Ladevorgangs;Der Wert gibt an, ob das Laden wegen der Lärmemission begrenzt wird oder nicht.;vehicle.powertrain.electric.battery.charging.acousticLimit;string;NO_ACTION, AUTOMATIC, UNLIMITED,LIMITED;;
Anzeige der Abfahrtszeit;Der Wert gibt an, ob die Abfahrtszeit im Fahrzeug angezeigt wird.;vehicle.powertrain.electric.departureTime.displayControl;string;DONT_DISPLAY, DISPLAY_DEPARTURE_TIME, DISPLAY_DEPARTURE_TIME_WITH_V2XSOE, UNKNOWN;;
Anzeige der Ladedauer;Der Wert gibt an, ob die Ladedauer im Fahrzeug angezeigt wird.;vehicle.powertrain.electric.chargingDuration.displayControl;string;NO_DISPLAY_TIME_FOR_CHARGING, DISPLAY_CHARGING_DURATION, NO_DISPLAY_CHARGING_DURATION, INVALID;;
Anzeige des Ladezustands;Dieser Wert gibt den im Fahrzeug angezeigten Ladezustand an.;vehicle.powertrain.electric.battery.stateOfCharge.displayed;float;0 - 100 %;percent;
Auswahl des günstigsten Ladefensters (Charging Window Selection);Gibt ein zuvor definiertes Zeitfenster an, in dem die Hochvoltbatterie des Fahrzeugs geladen werden sollte. Die möglichen Werte lauten NOTCHOSEN und CHOSEN.;vehicle.drivetrain.electricEngine.charging.windowSelection;string;CHOSEN, NOTCHOSEN, -NA-;;
Automatische Rückmeldung zum Status der Vorkonditionierung;Aktueller Zustand des Kippschalters für die automatische Batterievorkonditionierung. ON bedeutet, dass der Automatikbetrieb (navigationsbasiert) des vorausschauenden Wärmemanagements (vWM) aktiviert ist. OFF bedeutet, dass der Automatikbetrieb (navigationsbasiert) des vorausschauenden Wärmemanagements (vWM) deaktiviert ist. TEMP\_OFF steht für die temporäre Deaktivierung des automatischen vorausschauenden Wärmemanagements (vWM) für die aktuelle Fahrt.;vehicle.powertrain.electric.battery.preconditioning.automaticMode.statusFeedback;string;OFF, ON, TEMP_OFF, UNKNOWN;;
Batterie-Ladeanschluss an beliebiger Position angeschlossen;Dieses Signal zeigt an, ob ein Ladekabel an den Ladeanschluss angeschlossen ist.;vehicle.powertrain.tractionBattery.charging.port.anyPosition.isPlugged;boolean;wahr, falsch;;
Batterie-Ladeanschluss an beliebiger Position, Klappe automatisch geöffnet/geschlossen;Dieses Feld zeigt an, ob die Kundeneinstellung zum Öffnen der Klappe über die MyWay-Funktion (Schieberegler in der mobilen App) aktiv ist. Wenn ja, öffnet sich die Klappe automatisch, wenn sich das Fahrzeug in der Nähe einer Ladestation mit dem Digital Key in der Tasche befindet, und schließt sich automatisch, nachdem das Kabel abgezogen wurde.;vehicle.powertrain.tractionBattery.charging.port.anyPosition.flap.isAutomaticOpenAndCloseActive;boolean;wahr, falsch;;
Batterie-Ladeanschluss an beliebiger Position, Klappe geöffnet;Dieses Signal zeigt an, ob der Ladeanschluss im Fahrzeug geöffnet ist.;vehicle.powertrain.tractionBattery.charging.port.anyPosition.flap.isOpen;boolean;wahr, falsch;;
Batterie-Ladeanschluss hinten links angeschlossen;Dieses Signal zeigt an, ob ein Ladekabel an den Ladeanschluss hinten links angeschlossen ist.;vehicle.powertrain.tractionBattery.charging.port.rearLeft.isPlugged;boolean;wahr, falsch;;
Batterie-Ladeanschluss hinten links, Klappe automatisch geöffnet/geschlossen;Dieses Feld zeigt an, ob die Kundeneinstellung zum Öffnen der Klappe hinten links über die MyWay-Funktion (Schieberegler in der mobilen App) aktiv ist. Wenn ja, öffnet sich die Klappe automatisch, wenn sich das Fahrzeug in der Nähe einer Ladestation mit dem Digital Key in der Tasche befindet, und schließt sich automatisch, nachdem das Kabel abgezogen wurde.;vehicle.powertrain.tractionBattery.charging.port.rearLeft.flap.isAutomaticOpenAndCloseActive;boolean;wahr, falsch;;
Batterie-Ladeanschluss hinten links, Klappe geöffnet;Dieses Signal zeigt an, ob der Ladeanschluss hinten links im Fahrzeug geöffnet ist.;vehicle.powertrain.tractionBattery.charging.port.rearLeft.flap.isOpen;boolean;wahr, falsch;;
Batterie-Ladeanschluss hinten Mitte angeschlossen;Dieses Signal zeigt an, ob ein Ladekabel an den Ladeanschluss hinten in der Mitte angeschlossen ist.;vehicle.powertrain.tractionBattery.charging.port.rearMiddle.isPlugged;boolean;wahr, falsch;;
Batterie-Ladeanschluss hinten Mitte, Klappe automatisch geöffnet/geschlossen;Dieses Feld zeigt an, ob die Kundeneinstellung zum Öffnen der Klappe hinten in der Mitte über die MyWay-Funktion (Schieberegler in der mobilen App) aktiv ist. Wenn ja, öffnet sich die Klappe automatisch, wenn sich das Fahrzeug in der Nähe einer Ladestation mit dem Digital Key in der Tasche befindet, und schließt sich automatisch, nachdem das Kabel abgezogen wurde.;vehicle.powertrain.tractionBattery.charging.port.rearMiddle.flap.isAutomaticOpenAndCloseActive;boolean;wahr, falsch;;
Batterie-Ladeanschluss hinten Mitte, Klappe geöffnet;Dieses Signal zeigt an, ob der Ladeanschluss hinten in der Mitte im Fahrzeug geöffnet ist.;vehicle.powertrain.tractionBattery.charging.port.rearMiddle.flap.isOpen;boolean;wahr, falsch;;
Batterie-Ladeanschluss hinten rechts angeschlossen;Dieses Signal zeigt an, ob ein Ladekabel an den Ladeanschluss hinten rechts angeschlossen ist.;vehicle.powertrain.tractionBattery.charging.port.rearRight.isPlugged;boolean;wahr, falsch;;
Batterie-Ladeanschluss hinten rechts, Klappe automatisch geöffnet/geschlossen;Dieses Feld zeigt an, ob die Kundeneinstellung zum Öffnen der Klappe hinten rechts über die MyWay-Funktion (Schieberegler in der mobilen App) aktiv ist. Wenn ja, öffnet sich die Klappe automatisch, wenn sich das Fahrzeug in der Nähe einer Ladestation mit dem Digital Key in der Tasche befindet, und schließt sich automatisch, nachdem das Kabel abgezogen wurde.;vehicle.powertrain.tractionBattery.charging.port.rearRight.flap.isAutomaticOpenAndCloseActive;boolean;wahr, falsch;;
Batterie-Ladeanschluss hinten rechts, Klappe geöffnet;Dieses Signal zeigt an, ob der Ladeanschluss hinten rechts im Fahrzeug geöffnet ist.;vehicle.powertrain.tractionBattery.charging.port.rearRight.flap.isOpen;boolean;wahr, falsch;;
Batterie-Ladeanschluss vorn links angeschlossen;Dieses Signal zeigt an, ob ein Ladekabel an den Ladeanschluss vorn links angeschlossen ist.;vehicle.powertrain.tractionBattery.charging.port.frontLeft.isPlugged;boolean;wahr, falsch;;
Batterie-Ladeanschluss vorn links, Klappe automatisch geöffnet/geschlossen;Dieses Feld zeigt an, ob die Kundeneinstellung zum Öffnen der Klappe vorn links über die MyWay-Funktion (Schieberegler in der mobilen App) aktiv ist. Wenn ja, öffnet sich die Klappe automatisch, wenn sich das Fahrzeug in der Nähe einer Ladestation mit dem Digital Key in der Tasche befindet, und schließt sich automatisch, nachdem das Kabel abgezogen wurde.;vehicle.powertrain.tractionBattery.charging.port.frontLeft.flap.isAutomaticOpenAndCloseActive;boolean;wahr, falsch;;
Batterie-Ladeanschluss vorn links, Klappe geöffnet;Dieses Signal zeigt an, ob der Ladeanschluss vorn links im Fahrzeug geöffnet ist.;vehicle.powertrain.tractionBattery.charging.port.frontLeft.flap.isOpen;boolean;wahr, falsch;;
Batterie-Ladeanschluss vorn Mitte angeschlossen;Dieses Signal zeigt an, ob ein Ladekabel an den Ladeanschluss vorn in der Mitte angeschlossen ist.;vehicle.powertrain.tractionBattery.charging.port.frontMiddle.isPlugged;boolean;wahr, falsch;;
Batterie-Ladeanschluss vorn Mitte, Klappe automatisch geöffnet/geschlossen;Dieses Feld zeigt an, ob die Kundeneinstellung zum Öffnen der Klappe vorn in der Mitte über die MyWay-Funktion (Schieberegler in der mobilen App) aktiv ist. Wenn ja, öffnet sich die Klappe automatisch, wenn sich das Fahrzeug in der Nähe einer Ladestation mit dem Digital Key in der Tasche befindet, und schließt sich automatisch, nachdem das Kabel abgezogen wurde.;vehicle.powertrain.tractionBattery.charging.port.frontMiddle.flap.isAutomaticOpenAndCloseActive;boolean;wahr, falsch;;
Batterie-Ladeanschluss vorn Mitte, Klappe geöffnet;Dieses Signal zeigt an, ob der Ladeanschluss vorn in der Mitte im Fahrzeug geöffnet ist.;vehicle.powertrain.tractionBattery.charging.port.frontMiddle.flap.isOpen;boolean;wahr, falsch;;
Batterie-Ladeanschluss vorn rechts angeschlossen;Dieses Signal zeigt an, ob ein Ladekabel an den Ladeanschluss vorn rechts angeschlossen ist.;vehicle.powertrain.tractionBattery.charging.port.frontRight.isPlugged;boolean;wahr, falsch;;
Batterie-Ladeanschluss vorn rechts, Klappe automatisch geöffnet/geschlossen;Dieses Feld zeigt an, ob die Kundeneinstellung zum Öffnen der Klappe vorn rechts über die MyWay-Funktion (Schieberegler in der mobilen App) aktiv ist. Wenn ja, öffnet sich die Klappe automatisch, wenn sich das Fahrzeug in der Nähe einer Ladestation mit dem Digital Key in der Tasche befindet, und schließt sich automatisch, nachdem das Kabel abgezogen wurde.;vehicle.powertrain.tractionBattery.charging.port.frontRight.flap.isAutomaticOpenAndCloseActive;boolean;wahr, falsch;;
Batterie-Ladeanschluss vorn rechts, Klappe geöffnet;Dieses Signal zeigt an, ob der Ladeanschluss vorn rechts im Fahrzeug geöffnet ist.;vehicle.powertrain.tractionBattery.charging.port.frontRight.flap.isOpen;boolean;wahr, falsch;;
Begrenzung des Ladestroms;Der Wert gibt die eingestellte Begrenzung des Ladestroms in Ampere (A) an.;vehicle.powertrain.electric.battery.charging.acLimit.selected;uint8;0-252 A, INVALID;A;
Benötigte Energie für die vollständige Restladung der Hochvoltbatterie;Der Wert gibt die Energie an, die benötigt wird, um die Hochvoltbatterie vollständig aufzuladen.;vehicle.drivetrain.electricEngine.charging.smeEnergyDeltaFullyCharged;float;0 - 300 kWh, INVALID;kWh;
Berechnete Restladedauer der Hochvoltbatterie;Der Wert gibt die berechnete Dauer bis zur vollständigen Ladung der Hochvoltbatterie (in Minuten) an. Falls ein Navigationsziel gesetzt ist, wird die Restladedauer bis zur Erreichung dieses Ziels angezeigt.;vehicle.drivetrain.electricEngine.charging.timeToFullyCharged;uint16;0 – 65500 Min, INVALID;min;
Beschränkungsfaktor für AC-Laden;Rückmeldung der AC-Beschränkung.;vehicle.drivetrain.electricEngine.charging.acRestriction.factor;string;MAXCHARGING, REDUCEDCHARGING, MINCHARGING;;
Durchschnittlicher elektrischer Verbrauch;Dieser Wert gibt den durchschnittlichen elektrischen Verbrauch in [kWh/100 km] zum Zeitpunkt der Datenerfassung an. Hinweis: Nicht verfügbar für die Modelle i3 und i8.;vehicle.drivetrain.avgElectricRangeConsumption;float;0 kWh/100 km - 100 kWh/100 km;;
Durchschnittsgeschwindigkeit;Der Wert gibt die zum Zeitpunkt der Datenerfassung durchschnittlich gefahrene Geschwindigkeit in km/h an.;vehicle.vehicle.avgSpeed;uint16;0-300 km/h, INVALID;km/h;
Elektrisch gefahrener Streckenanteil der letzten Fahrt;Der Wert gibt den mit elektrischer Energie zurückgelegten Streckenanteil der letzten erfassten Fahrt in Prozent an.;vehicle.trip.segment.accumulated.drivetrain.transmission.setting.fractionDriveElectric;float;0 % bis 100 %;percent;
Energieinhalt der Hochvoltbatterie;Der Wert gibt den aktuellen Energieinhaltder Hochvoltbatterie an.;vehicle.drivetrain.batteryManagement.maxEnergy;float;0 - 300 kWh, INVALID;kWh;
Entladen erlaubt;Das Zulassen der Entladung im professionellen Modus für die bidirektionale Leistungsübertragungsfunktion (BPT) kann vom Kunden ausgewählt werden oder nicht (ON/OFF).;vehicle.drivetrain.electricEngine.charging.profile.settings.biDirectionalCharging.dischargeAllowed;boolean;wahr, falsch;;
Ergebnis letztes Laden;Ergebnis des letzten Ladevorgangs.;vehicle.drivetrain.electricEngine.charging.lastChargingResult;string;SUCCESS, FAILED, UNKNOWN;;
Fahrstilbewertung 'Beschleunigungs-verhalten';Der Wert gibt die Anzahl der Sterne an, mit der die Fahrstilanalyse zum Zeitpunkt der Datenerfassung das Beschleunigungsverhalten des Fahrers bewertet hat. Das System vergibt dafür 0 bis 5 Sterne.;vehicle.trip.segment.accumulated.acceleration.starsAverage;float;0 bis 5 Sterne;stars;
Fahrstilbewertung 'Vorausschauendes Fahren';Der Wert gibt die Anzahl der Sterne an, mit der die Fahrstilanalyse zum Zeitpunkt der Datenerfassung 'Vorausschauendes Fahren' bewertet hat. Das System vergibt dafür 0 bis 5 Sterne.;vehicle.trip.segment.accumulated.chassis.brake.starsAverage;float;0 bis 5 Sterne;stars;
Gesamte Netzenergie, die dem Fahrzeug zugeführt wurde (nur PHEV);Dieser Wert gibt die gesamte über Ladekabel zugeführte Energie an.;vehicle.drivetrain.electricEngine.charging.consumptionOverLifeTime.overall.gridEnergy;float;0.0 kWh bis 30000.0 kWh;kWh;
Grund für Ende des Ladens;Grund für das Ende des Ladens ab SP25.;vehicle.drivetrain.electricEngine.charging.reasonChargingEnd;string;NO_CHARGING_END_SINCE_IPF_WAKEUP, CUSTOMER_INTERACTION_HMI_UNPLUG_CABLE_ONCE, CUSTOMER_INTERACTION_HMI_CHARGING_TARGET_REACHED, CUSTOMER_INTERACTION_APP_UNPLUG_CABLE_ONCE, CUSTOMER_INTERACTION_APP_CHARGING_TARGET_REACHED, CUSTOMER_INTERACTION_CHARGING_STOP_VIA_CHARGING_STOP_BUTTON_SOCKET, CUSTOMER_INTERACTION_AC_CHARGING_STOP_VIA_KEY, CUSTOMER_INTERACTION_AC_CHARGING_STOP_WALLBOX, CUSTOMER_INTERACTION_AC_CHARGING_STOP_LATCH, HV_BATTERY_FULLY_CHARGED, INFRASTRUCTURE_PHYSICAL_LIMITS_REACHED_TARGET_SOE_NOT_REACHABLE, INFRASTRUCTURE_DC_CCS_EVSE_SHUTDOWN, INFRASTRUCTURE_DC_GBT_CST_MESSAGE, INFRASTRUCTURE_DC_CCS_STATIC_PILOT, INFRASTRUCTURE_DC_CCS_COMMUNICATION_ERROR_FAILED_RESPONSE_CODE, INFRASTRUCTURE_DC_CCS_COMMUNICATION_ERROR, INFRASTRUCTURE_NO_ENERGY_TRANSFER, INFRASTRUCTURE_DC_CCS_PRECHARGE_ERROR, INFRASTRUCTURE_DC_CCS_EVSE_MALFUNCTION_EMERGENCY_SHUTDOWN, INFRASTRUCTURE_STATION_NOT_COMPATIBLE, INFRASTRUCTURE_CHARGE_READINESS_TIMEOUT, INFRASTRUCTURE_AC_MAXIMUM_GRID_ERROR_REACHED, INFRASTRUCTURE_DC_GBT_ISOLATION_ERROR_DETECTED, INFRASTRUCTURE_AUTHENTIFICATION_ERROR, VEHICLE_HV_BATTERY_ERROR, VEHICLE_HV_BATTERY_COMMUNICATION_ERROR, VEHICLE_DCDC_ERROR, VEHICLE_PLC_BOOTUP_ERROR, VEHICLE_HV_BATTERY_MAXIMAL_CURRENT_OVERSHOOT, VEHICLE_ISOLATION_ERROR, VEHICLE_MAXIMUM_TEMPERATURE_CHARGING_SOCKET_OVERSHOOT, VEHICLE_LT3_OVERSHOOT, VEHICLE_FUSI_CABLE_LOCK_ERROR, VEHICLE_PLC_COMMUNICATION_NOT_POSSIBLE, FLEXCHARGER_GRID_ERROR, FLEXCHARGER_GRID_TEMPERATURE_ERROR, FLEXCHARGER_EVSE_TEMPERATURE_ERROR, FLEXCHARGER_EVSE_INTERNAL_ERROR, FLEXCHARGER_AC_DC_FAULT_CURRENT, FLEXCHARGER_INCORRECT_REACTION_TIME_PWM, FLEXCHARGER_CHARGING_CURRENT_TOO_HIGH, FLEXCHARGER_PE_FAULT, INFRASTRUCTURE_INEFFICIENT_CHARGING_LOW_POWER, VEHICLE_CABLE_LOCKING_ERROR, VEHICLE_CONFIGURATION_ERROR_400V_800V, INFRASTRUCTURE_NO_AC_VOLTAGE, PLUG_AND_CHARGE_TLS_ERROR, PLUG_AND_CHARGE_CONTRACT_ERROR, SMART_CHARGING_TARIFF_SELECTION_INVALID, SMART_CHARGING_CHARGING_PROFILE_INVALID, CUSTOMER_INTERACTION_AC_CHARGING_STOP_VIA_APP, CHARGING_PAUSED, DISCHARGE_NOT_POSSIBLE_VOLTAGE_TOO_HIGH, DISCHARGE_NOT_POSSIBLE_SOE_TOO_LOW, DISCHARGE_NOT_POSSIBLE_INTERNAL_ERROR, DISCHARGE_NOT_POSSIBLE_INCOMPATIBLE_ADAPTER, DISCHARGE_NOT_POSSIBLE_INCOMPATIBLE_CONSUMER;;
Grund letztes Laden;Grund des letzten Ladevorgangs.;vehicle.drivetrain.electricEngine.charging.lastChargingReason;string;CHARGING_GOAL_REACHED, END_REQUESTED_BY_DRIVER, CONNECTOR_REMOVED, POWERGRID_FAILED, HV_SYSTEM_FAILURE, CHARGING_STATION_FAILURE, PARKING_LOCK_FAILED, NO_PARKING_LOCK, INVALID, -NA-;;
ID des Einsteck-Ereignisses am Ladeanschluss;Eindeutige Kennung, die bei jedem Einstecken des elektrifizierten Fahrzeugs durch den Kunden erhöht wird (AUSGENOMMEN wenn der Zeitraum zwischen Ausstecken und erneutem Einstecken weniger als 90 Sekunden beträgt). Dieser Wert sollte für jede Ladesitzung eindeutig sein. Siehe ElectricEngine.Charging.PlugStatus.;vehicle.body.chargingPort.plugEventId;uint32;0 - 131068;;
Integritätszustand der 48-V-Batterie;SoH (State of Health) der 48-V-Batterie, der dem Kunden angezeigt wird. Entwickelt, um die EU-Batterieverordnung zu erfüllen.;vehicle.electricalSystem.battery48V.stateOfHealth.displayed;uint16;0% bis 250%;percent;
Kilometerstand der letzten Fahrt;Der Wert gibt den Gesamtkilometerstand nach der letzten erfassten Fahrt an.;vehicle.trip.segment.end.travelledDistance;float;0 km bis 999999 km;;
Klimatisierung aktiv;Klimatisierungsaktivierung des Fahrzeugs im Ladeprofil, der Fahrzeuginnenraum wird für die nächste Abfahrtszeit vorklimatisiert.;vehicle.drivetrain.electricEngine.charging.profile.climatizationActive;boolean;wahr, falsch;;
Ladebetriebsart;Aktuelle Ladebetriebsart.;vehicle.drivetrain.electricEngine.charging.chargingMode;string;NORMAL_PROGNOSE_BASED, STEP_BASED, PLC_MODE;;
Ladeleistung;Die aktuelle Ladeleistung in Watt. Dieser Wert sollte nur in Bezug auf den aktuellen Zeitstempel berücksichtigt werden.;vehicle.powertrain.electric.battery.charging.power;int32;20 W bis 80 W;W;
Lademethode und Steckertyp;Der Wert beschreibt, ob das Fahrzeug mit Gleichstrom (DC) oder Wechselstrom (AC) geladen wurde und welcher Ladestecker dabei verwendet wurde. Der angezeigte technische Wert AC_TYPE1PLUG beispielsweise gibt an, dass der Hochvolt-Speicher im Wechelstrommodus geladen wurde und dabei ein Ladestecker vom Typ 1 Plug zum Einsatz kam.;vehicle.drivetrain.electricEngine.charging.method;string;AC_TYPE1PLUG, AC_TYPE2PLUG, NOCHARGING;;
Ladestatus;Dieser Wert gibt den zum Zeitpunkt der Datenerfassung aktuellen Ladestatus des Fahrzeugs an. Der Wert NOCHARGING beispielsweise bedeutet, dass der Hochvolt-Speicher des Fahrzeugs derzeit nicht geladen wird. INITIALIZATION meint, der Ladevorgang wird gerade vorbereitet, CHARGINGACTIVE heißt, der Akku wird gerade aufgeladen. Weitere mögliche Werte sind: CHARGINGPAUSED (Ladevorgang pausiert), CHARGINGENDED (Ladevorgang beendet) und CHARGINGERROR (Ladefehler).;vehicle.drivetrain.electricEngine.charging.status;string;MANUAL_SELECTION, AUTOMATIC_SELECTION, AUTOMATIC_SELECTION_20, UNKNOWN;;
Ladestatus der Hochvoltbatterie;Der Wert gibt den zum Zeitpunkt der Datenerfassung aktuellen Ladestatus der Hochvoltbatterie in Prozent an.;vehicle.drivetrain.batteryManagement.header;float;0 % bis 100 %;percent;
Ladeverfahren der Hochvoltbatterie (induktiv/konduktiv);Der Wert gibt das Ladeverfahren (CONDUCTIVE, INDUCTIVE) an, mit dem das Fahrzeug zum Zeitpunkt der Datenerfassung geladen wird.;vehicle.drivetrain.electricEngine.charging.connectionType;string;CONDUCTIVE, INDUCTIVE, SIGNAL_INVALID;;
Ladeverfahren der Hochvoltbatterie (Phasen);Der Wert gibt die Anzahl der Phasen an, mit denen die Hochvoltbatterie geladen wird.;vehicle.drivetrain.electricEngine.charging.phaseNumber;string;NO_CHARGING, 1-PHASES, 2-PHASES, 3-PHASES, INVALID;;
Ladezustand der Batterie;Der Wert gibt den Ladezustand der Hochvoltbatterie zum Ende der letzten erfassten Fahrt an (in Prozent).;vehicle.trip.segment.end.drivetrain.batteryManagement.hvSoc;float;0 % bis 100 %;percent;
Manuelle Rückmeldung zum Status der Vorkonditionierung;Aktueller Zustand des Tasters für die manuelle Batterievorkonditionierung. Entweder zum Laden oder für den Fahrbetrieb.;vehicle.powertrain.electric.battery.preconditioning.manualMode.statusFeedback;string;OFF, ON_CHARGE, ON_DRIVE, UNKNOWN;;
Maximale Ladestromstärke;Der Wert gibt die maximal wählbare Ladestromstärke in Abhängigkeit von der Infrastruktur und des verwendeten Kabels an.;vehicle.powertrain.electric.battery.charging.acLimit.max;uint8;0-250 A, INVALID;A;
Minimale Ladestromstärke;Der Wert gibt die minimal wählbare Ladestromstärkein Abhängigkeit von der Infrastruktur und des verwendeten Kabels an.;vehicle.powertrain.electric.battery.charging.acLimit.min;uint8;0-250 A, INVALID;A;
Minimaler Soll-Ladezustand;Minimaler Soll-Ladezustand, der vom Kunden für intelligentes Laden und V2X angefordert wird.;vehicle.powertrain.electric.battery.stateOfCharge.targetMin;uint8;0% bis 100%;percent;
Nebenverbraucherleistung (Leistungsverbrauch elektrischer Komponenten);Dieser Wert gibt die Nebenverbraucherleistung zum Zeitpunkt der Datenerfassung in kW an. Dies ist der Bordnetzverbrauch inklusive der Leistung für die Klimaanlage.;vehicle.vehicle.avgAuxPower;float;0 – 655.34, INVALID;kW;
Präferenz für das Ladeprofil;Ladepräferenz des aktuellen Ladeprofils. Dieser Wert hängt von der Auswahl des Lademodus ab. Wenn Vehicle.ElectricEngine.Charging.Profile.Mode „DELAYED_CHARGING“ ist, ist Vehicle.ElectricEngine.Charging.Profile.Preference entweder „SMART_CHARGING“ oder „CHARGING_WINDOW“. Wenn Vehicle.ElectricEngine.Charging.Profile.Mode „IMMEDIATE_CHARGING“ ist, ist Vehicle.ElectricEngine.Charging.Profile.Preference auf „NO_PRESELECTION“ gesetzt.;vehicle.drivetrain.electricEngine.charging.profile.preference;string;CHARGING_WINDOW, SMART_CHARGING, NO_PRESELECTION;;
Prognose der elektrischen Reichweite während des Ladevorgangs;Dieser Wert gibt die während des Ladevorgangs vorhergesagte elektrische Reichweite an.;vehicle.drivetrain.electricEngine.remainingElectricRange;float;0 - 1000 km;km;
Prognose der Gesamtreichweite während des Ladevorgangs;Dieser Wert gibt die während des Ladevorgangs vorhergesagte Gesamtreichweite an (Summe aus elektrischer und verbrennungsmotorischer Reichweite).;vehicle.drivetrain.totalRemainingRange;float;0 - 2000 km;km;
Prognose der verbleibenden Ladezeit;Dieser Wert gibt die prognostizierte verbleibende Ladezeit in Minuten an.;vehicle.drivetrain.electricEngine.charging.timeRemaining;uint16;0 - 200 Min;min;
RCP-Konfiguration abgeschlossen;Fahrzeuge mit einer vollständigen RCP-Konfiguration (Remote Charging Profile) senden explizit Werte für alle Ladeprofilattribute. Für Fahrzeuge ohne vollständige RCP-Konfiguration werden Standardwerte angewendet.;vehicle.drivetrain.electricEngine.charging.profile.isRcpConfigComplete;boolean;wahr, falsch;;
Routenoptimierter Ladestatus;Zeigt den Ladestatus in Fällen an, in denen der Kunde das E-Route-Laden für seine Reise nutzt. E-Route-Ladesitzungen bestehen aus zwei verschiedenen Phasen. Routenoptimierte Ladesitzungen setzen den Soll-Ladezustand des Kunden vorübergehend außer Kraft.;vehicle.drivetrain.electricEngine.charging.routeOptimizedChargingStatus;string;ROUTE_OPTIMIZED_CHARGING_IN_PROGRESS, ROUTE_OPTIMIZED_SOC_TARGET_REACHED;;
Schließzustand der Ladeklappe;Der Wert gibt an, ob die Ladeklappe unabhängig von der Zentralverriegelungzum Zeitpunkt der Datenerfassung verriegelt ist.;vehicle.body.flap.isPermanentlyUnlocked;boolean;NO_ACTION, FLAP_UNLOCKED, FLAP_LOCKED, INVALID;;
Soll-Ladezustand für den professionellen Modus;Enthält den Soll-Ladezustand, der im professionellen Modus als Sollwert verwendet werden soll. Zumindest dieser Soll-Ladezustand wird bis zur Abfahrtszeit erreicht sein.;vehicle.powertrain.electric.battery.stateOfCharge.targetSoCForProfessionalMode;uint8;0% bis 100%;percent;
Status der Authentifizierung zum Laden;Autorisierungsstatus der Plug & Charge-Funktion (automatische Bezahlung von Ladeservices) einer Ladesitzung. „AUTHORIZATION_SUCCESSFUL“ - Authentifizierung mit PlugAndCharge erfolgreich, „TRANSPORT_LAYER_ERROR“ - TLS-Verbindung zur EVSE nicht möglich, „HIGH_LEVEL_COMMUNICATION_ERROR“ - Fehler bei der High-Pegel-Kommunikation mit ISO15118, „CONTRACT_SERVICE_NOT_SUPPORTED_ERROR“ - EVSE unterstützt keine Authentifizierung über PlugAndCharge, „AUTHORIZATION_TIMEOUT“ - Autorisierung ist mit einem Fehler abgelaufen, „AUTHORIZATION_TIMEOUT“ - Authentifizierung nach 120 s nicht abgeschlossen, „NVM_READ_CERTIFICATE_ERROR“ - Zertifikate konnten nicht aus dem Speicher des Ladesteuergeräts gelesen werden, „CERTIFICATE_UPDATE_ERROR“ - Aktualisierung des Vertrags über Powerline fehlgeschlagen, „XML_SECURITY_ERROR“ - Schema-Validierungsfehler der übertragenen Daten.;vehicle.drivetrain.electricEngine.charging.authentication.status;string;AUTHORIZATION_SUCCESSFUL, TRANSPORT_LAYER_ERROR, HIGH_LEVEL_COMMUNICATION_ERROR, CONTRACT_SERVICE_NOT_SUPPORTED_ERROR, AUTHORIZATION_ERROR, AUTHORIZATION_TIMEOUT, NVM_READ_CERTIFICATE_ERROR, CERTIFICATE_UPDATE_ERROR, XML_SECURITY_ERROR;;
Status der Ladebegrenzung;Der Wert gibt an, ob zum Zeitpunkt der Datenerfassung eine Ladestrombegrenzung aktiv war.;vehicle.powertrain.electric.battery.charging.acLimit.isActive;boolean;AC_LIMIT_INACTIVE, AC_LIMIT_ACTIVE, INVALID;;
Status der Ladesteckverbindung;Der Wert gibt an, ob das Fahrzeug zum Zeitpunkt der Datenerfassung mit einem Ladestecker verbunden war (CONNECTED) oder nicht (DISCONNECTED).;vehicle.body.chargingPort.status;string;CONNECTED, DISCONNECTED, INVALID, -NA-;;
Status der Ladesteckverbindung (nur DC);Der Wert gibt an, ob das Fahrzeug zum Zeitpunkt der Datenerfassung mit einem DC-Ladestecker verbunden war (CONNECTED) oder nicht (DISCONNECTED).;vehicle.body.chargingPort.dcStatus;string;DISCONNECTED, CONNECTED, INVALID;;
Status der Sofortladefunktion;Der Wert gibt an, ob die Funktion "Sofortladen" aktiviert ist oder nicht.;vehicle.drivetrain.electricEngine.charging.isSingleImmediateCharging;boolean;DIRECT_CHG_ONCE_NOT_ACTIVE, DIRECT_CHG_ONCE_ACTIVE, INVALID;;
Status des HV-Ladesystems;Status des Hochvolt-Ladens.;vehicle.drivetrain.electricEngine.charging.hvStatus;string;INVALID, CHARGING, ERROR, NOT_CHARGING, WAITING_FOR_CHARGING, FINISHED_FULLY_CHARGED, FINISHED_NOT_FULL;;
Status des Ladesteckers;Aktueller Zustand des Ladesteckers über alle Typen (induktiv, leitungsgebunden), Betriebsarten (AC, DC) und Servicepacks hinweg.;vehicle.drivetrain.electricEngine.charging.connectorStatus;string;CONNECTED, DISCONNECTED, ERROR;;
Status-Text des Ladeanschlusses;Erforderlich zusammen mit Vehicle.Body.ChargingPort.Status, um eine korrekte Handhabbarkeit der Ladesitzungen bei G08 BEV Fahrzeugen sicherzustellen.;vehicle.body.chargingPort.statusClearText;string;DISCONNECTED, CONNECTED;;
Systemgrund für Sofortladen;Dieser Parameter enthält die Information, dass die vom Kunden gewählte Ladebetriebsart aus Systemgründen überschrieben wurde.;vehicle.drivetrain.electricEngine.charging.isImmediateChargingSystemReason;boolean;wahr, falsch;;
Typ des Ladetimers;Timer-Typ des Ladeprofils (z. B. Wochentage oder TwoTimesTimer);vehicle.drivetrain.electricEngine.charging.profile.timerType;string;None;;
Ursache für das Beenden eines Ladevorgangs;Der Wert gibt die Ursache für das Beenden eines Ladevorgangs an.;vehicle.drivetrain.electricEngine.charging.hvpmFinishReason;string;UNKNOWN, CHARGING_GOAL_REACHED, END_REQUESTED_BY_DRIVER, CONNECTOR_REMOVED, POWERGRID_FAILED, HV_SYSTEM_FAILURE, CHARGING_STATION_FAILURE, PARKING_LOCK_FAILED, NO_PARKING_LOCK, SIGNAL_INVALID, INVALID;;
Verbleibende elektrische Reichweite in Abhängigkeit vom Zielwert des Ladezustands;Der Wert gibt die verbleibende elektrische Reichweite zum Zeitpunkt der Datenerfassung in Kilometer an. Diese ist abhängig vom eingestellten Zielwert des Ladezustands.;vehicle.powertrain.electric.range.target;float;0-4000 KM oder MI, INVALID;km;
Verbleibende elektrische Reichweite in km;Der Wert gibt die verbleibende elektrische Reichweite zum Zeitpunkt der Datenerfassung in Kilometer an.;vehicle.drivetrain.electricEngine.kombiRemainingElectricRange;float;0-4000 km, INVALID;;
Verbrauch elektrische Energie im COMFORT Modus der letzten Fahrt;Gibt den zum Zeitpunkt der Datenerfassung gemessenen Verbrauch elektrischer Energie (kWh) im COMFORT Modus an.;vehicle.trip.segment.accumulated.drivetrain.electricEngine.energyConsumptionComfort;double;0 kWh bis 10 kWh;kWh;
Verriegelungszustand des Ladesteckers nach vollständiger Ladung;Der Wert gibt an, ob der Ladestecker nach vollständiger Ladung automatisch entriegelt wird (HOSPITALITY_ACTIVE) oder verriegelt bleibt (HOSPITALITY_INACTIVE).;vehicle.body.chargingPort.isHospitalityActive;boolean;HOSPITALITY_INACTIVE, HOSPITALITY_ACTIVE, INVALID;;
Zeitpunkt der letzten Fahrt;Der Zeitstempel enthält das Datum und die Ortszeit der letzten erfassten und übermittelten Fahrt, beispielsweise 15.05.2017 15:51:00 UTC.;vehicle.trip.segment.end.time;int32;dd.mm.yyyy hh:mm:ss UTC;;
Zielwert des Ladezustands der Hochvoltbatterie;Der Wert gibt den eingestellten Zielwert des Ladezustandes der Hochvoltbatterie in Prozent an. Dieser wird in 10% Schritten angezeigt.;vehicle.powertrain.electric.battery.stateOfCharge.target;uint8;0-100 [10% Schritte], INVALID;%;
Zurückgewonnene Energiemenge der letzten Fahrt;Der Wert gibt die durchschnittlich je 100 Kilometer zurückgewonnene elektrische Energie in Kilowattstunden (kWh/100 km) der letzten erfassten Fahrt an. Das Wertespektrum reicht von 0 bis 254.;vehicle.trip.segment.accumulated.drivetrain.electricEngine.recuperationTotal;float;0 kWh/100 km bis 170 kWh/100 km;;
Zustand der Ladeklappe;Der Wert gibt an, ob die Ladeklappe zum Zeitpunkt der Datenerfassung verriegelt ist.;vehicle.body.flap.isLocked;boolean;FLAP_UNLOCKED, FLAP_LOCKED, INVALID;;
Zustand der Vorkonditionierung;Status der Aktivität zur Vorkonditionierung der Batterie. Ein Legacy-Wert, der nur für das Legacy-Projekt SP2021plus gültig ist.;vehicle.powertrain.electric.battery.preconditioning.state;string;OFF, ON_LEGACY, MANUAL_ON_CHARGE, AUTOMATIC_ON, REMOTE_ON_CHARGE, REMOTE_ON_DRIVE, REMOTE_OFF, UNKNOWN;;
Aktion für Überschreiben der Klimazeitautomatik;Status/Aktion der Zeitautomatik mit den Zuständen Activate (Ein), Deactivate (Aus) und NoAction (wird nur beim Übermitteln der Zeitautomatik an das Fahrzeug verwendet).;vehicle.cabin.climate.timers.overwriteTimer.action;string;ACTIVATE, DEACTIVATE, NO_ACTION;;
Aktion für Zeitautomatik 1 an Wochentagen;Status/Aktion der Zeitautomatik 1 mit den Zuständen Activate (Ein), Deactivate (Aus) und NoAction (wird nur beim Übermitteln der Zeitautomatik 1 an das Fahrzeug verwendet).;vehicle.cabin.climate.timers.weekdaysTimer1.action;string;ACTIVATE, DEACTIVATE, NO_ACTION;;
Aktion für Zeitautomatik 2 an Wochentagen;Status/Aktion der Zeitautomatik 2 mit den Zuständen Activate (Ein), Deactivate (Aus) und NoAction (wird nur beim Übermitteln der Zeitautomatik 2 an das Fahrzeug verwendet).;vehicle.cabin.climate.timers.weekdaysTimer2.action;string;ACTIVATE, DEACTIVATE, NO_ACTION;;
Anzahl der Navigation-Satelliten;Anzahl der für die Positionsbestimmung verwendeten GPS-Satelliten: beeinflusst die Zuverlässigkeit der Positionsbestimmung.;vehicle.cabin.infotainment.navigation.currentLocation.numberOfSatellites;uint8;None;;
Minute für Überschreiben der Klimazeitautomatik;Minuteneinstellung der Klimazeitautomatik entsprechend der im Fahrzeug konfigurierten Zeitzone.;vehicle.cabin.climate.timers.overwriteTimer.minute;uint8;0 - 59;min;
Minute für Zeitautomatik 1 an Wochentagen;Minuteneinstellung der Klimazeitautomatik 1 entsprechend der im Fahrzeug konfigurierten Zeitzone.;vehicle.cabin.climate.timers.weekdaysTimer1.minute;uint8;0 - 59;min;
Minute für Zeitautomatik 2 an Wochentagen;Minuteneinstellung der Klimazeitautomatik 2 entsprechend der im Fahrzeug konfigurierten Zeitzone.;vehicle.cabin.climate.timers.weekdaysTimer2.minute;uint8;0 - 59;min;
Status der Navigations-Fixierung;Status der GPS-Fixierung. „NO_FIX“ bedeutet, dass weniger als 3 Satelliten gefunden wurden. „2D_GPS_FIX“ wird ausgegeben, wenn mindestens 3 Satelliten gefunden wurden. „3D_GPS_FIX“ wird ausgegeben, wenn mindestens 4 Satelliten gefunden wurden.;vehicle.cabin.infotainment.navigation.currentLocation.fixStatus;string;NO_FIX, GPS_FIX_2D, GPS_FIX_3D;;
Steuerung der E-Reichweitenanzeige;Zeigt an, ob und wie die elektrische Reichweite im Fahrzeug angezeigt werden soll.;vehicle.powertrain.electric.range.displayControl;string;None;;
Stunde für Überschreiben der Klimazeitautomatik;Stundeneinstellung der Klimazeitautomatik entsprechend der im Fahrzeug konfigurierten Zeitzone.;vehicle.cabin.climate.timers.overwriteTimer.hour;uint8;0 - 23;h;
Stunde für Zeitautomatik 1 an Wochentagen;Stundeneinstellung der Klimazeitautomatik 1 entsprechend der im Fahrzeug konfigurierten Zeitzone.;vehicle.cabin.climate.timers.weekdaysTimer1.hour;uint8;0 - 23;h;
Stunde für Zeitautomatik 2 an Wochentagen;Stundeneinstellung der Klimazeitautomatik 2 entsprechend der im Fahrzeug konfigurierten Zeitzone.;vehicle.cabin.climate.timers.weekdaysTimer2.hour;uint8;0 - 23;h;
Wegstreckeneinheit im Infotainment;In der aktuellen HMI verwendete Wegstreckeneinheit;vehicle.cabin.infotainment.hmi.distanceUnit;string;MILES, KILOMETERS;;
Gemessener Reifendruck hinten links;Der Wert gibt den gemessenen Reifendruck hinten links in kPa an.;vehicle.chassis.axle.row2.wheel.left.tire.pressure;uint16;0-1000 kPa oder -NA-;kPa;
Gemessener Reifendruck hinten rechts;Der Wert gibt den gemessenen Reifendruck hinten rechts in kPa an.;vehicle.chassis.axle.row2.wheel.right.tire.pressure;uint16;0-1000 kPa oder -NA-;kPa;
Gemessener Reifendruck vorne links;Dieser Wert gibt den gemessenen Reifendruck vorne links in kPa an;vehicle.chassis.axle.row1.wheel.left.tire.pressure;uint16;0-1000 kPa oder -NA-;kPa;
Gemessener Reifendruck vorne rechts;Der Wert gibt den gemessenen Reifendruck vorne rechts in kPa an.;vehicle.chassis.axle.row1.wheel.right.tire.pressure;uint16;0-1000 kPa oder -NA-;kPa;
Reifensolldruck hinten links;Dieser Wert gibt Reifensolldruck hinten links in kPa an.;vehicle.chassis.axle.row2.wheel.left.tire.pressureTarget;uint16;0-1000 kPa oder -NA-;kPa;
Reifensolldruck hinten rechts;Dieser Wert gibt den Reifensolldruck hinten rechts in kPa an.;vehicle.chassis.axle.row2.wheel.right.tire.pressureTarget;uint16;0-1000 kPa oder -NA-;kPa;
Reifensolldruck vorne links;Dieser Wert gibt den Reifensolldruck vorne links in kPa an.;vehicle.chassis.axle.row1.wheel.left.tire.pressureTarget;uint16;0-1000 kPa oder -NA-;kPa;
Reifensolldruck vorne rechts;Dieser Wert gibt den Reifensolldruck vorne rechts in kPa an.;vehicle.chassis.axle.row1.wheel.right.tire.pressureTarget;uint16;0-1000 kPa oder -NA-;kPa;
Reifentemperatur in Celsius, hinten links;Reifentemperatur in Celsius hinten links.;vehicle.chassis.axle.row2.wheel.left.tire.temperature;float;0 °C bis 50 °C;Celsius;
Reifentemperatur in Celsius, hinten rechts;Reifentemperatur in Celsius hinten rechts.;vehicle.chassis.axle.row2.wheel.right.tire.temperature;float;0 °C bis 50 °C;Celsius;
Reifentemperatur in Celsius, vorn links;Reifentemperatur in Celsius vorn links.;vehicle.chassis.axle.row1.wheel.left.tire.temperature;float;0 °C bis 50 °C;Celsius;
Reifentemperatur in Celsius, vorn rechts;Reifentemperatur in Celsius vorn rechts.;vehicle.chassis.axle.row1.wheel.right.tire.temperature;float;0 °C bis 50 °C;Celsius;